{"training_loss": [3.0020551681518555, 2.4011805057525635, 2.147768259048462, 2.0047543048858643, 1.945590615272522, 1.910786747932434, 1.8855946063995361, 1.842551350593567, 1.7949066162109375, 1.7404314279556274, 1.6834096908569336, 1.6281137466430664, 1.5722802877426147, 1.526379942893982, 1.4853049516677856, 1.4274803400039673, 1.382576584815979, 1.3322547674179077, 1.2851022481918335, 1.24211847782135, 1.2092678546905518, 1.1654739379882812, 1.126137375831604, 1.0987194776535034, 1.06058669090271, 1.0325055122375488, 1.0032252073287964, 0.9748845100402832, 0.9468896389007568, 0.9277300238609314, 0.8925373554229736, 0.8666883111000061, 0.8486357927322388, 0.8297567367553711, 0.8080180287361145, 0.7862934470176697, 0.7646925449371338, 0.7450370788574219, 0.7297474145889282, 0.7244846224784851, 0.7117959856987, 0.6955004334449768, 0.6800566911697388, 0.6738126873970032, 0.6552700400352478, 0.6415431499481201, 0.6347799897193909, 0.6285171508789062, 0.6162521839141846, 0.6063067317008972, 0.6014822721481323, 0.5922560095787048, 0.5854232311248779, 0.5798642635345459, 0.5753627419471741, 0.5721865296363831, 0.5668299794197083, 0.566024661064148, 0.5613968968391418, 0.5560389757156372, 0.5538249015808105, 0.5499047040939331, 0.5487990379333496, 0.5444496273994446, 0.5414005517959595, 0.5418652892112732, 0.5412977933883667, 0.5384293794631958, 0.5371913909912109, 0.5375145673751831, 0.5340453386306763, 0.5343314409255981, 0.5350511074066162, 0.5399314165115356, 0.5446407198905945, 0.541122555732727, 0.5532384514808655, 0.5451915860176086, 0.5344311594963074, 0.527888298034668, 0.5252344012260437, 0.5216780304908752, 0.5209310054779053, 0.5206094980239868, 0.5199639797210693, 0.5190926790237427, 0.5178350806236267, 0.5173765420913696, 0.5176855325698853, 0.5150472521781921, 0.5160127878189087, 0.5154621601104736, 0.5150210857391357, 0.5140334963798523, 0.5124394297599792, 0.5139005184173584, 0.5129001140594482, 0.5135077834129333, 0.5131580233573914, 0.5124348402023315], "validation_loss": [2.830127239227295, 2.237988233566284, 2.066915988922119, 1.9769443273544312, 1.9271169900894165, 1.9287607669830322, 1.868571162223816, 1.80966055393219, 1.7650580406188965, 1.7396608591079712, 1.677052617073059, 1.588624358177185, 1.5239789485931396, 1.5305578708648682, 1.4388395547866821, 1.403221607208252, 1.3244059085845947, 1.2705591917037964, 1.2261638641357422, 1.1839593648910522, 1.1145886182785034, 1.0855395793914795, 1.0525758266448975, 1.0210154056549072, 1.0274183750152588, 0.970728874206543, 0.9070571660995483, 0.885538637638092, 0.8593590259552002, 0.8338485956192017, 0.7967279553413391, 0.8012762665748596, 0.7857914566993713, 0.7624766826629639, 0.7474552392959595, 0.733184278011322, 0.71286940574646, 0.6965653896331787, 0.6878960132598877, 0.6790839433670044, 0.6610842943191528, 0.6441562175750732, 0.6455511450767517, 0.6231598258018494, 0.6168147921562195, 0.6136059165000916, 0.6089213490486145, 0.5992388129234314, 0.5894239544868469, 0.5884854197502136, 0.5866439342498779, 0.5766962766647339, 0.5766878724098206, 0.5689347386360168, 0.5605815649032593, 0.5583961009979248, 0.5576687455177307, 0.5571673512458801, 0.5517212748527527, 0.5469499826431274, 0.5471512079238892, 0.5419418811798096, 0.5436927080154419, 0.5388473868370056, 0.5400760769844055, 0.5372290015220642, 0.5347564220428467, 0.5334725379943848, 0.5331278443336487, 0.5355027318000793, 0.531625509262085, 0.5322179198265076, 0.5324429273605347, 0.5345461964607239, 0.5386008024215698, 0.5377090573310852, 0.5419386029243469, 0.537335991859436, 0.5301793217658997, 0.5240851640701294, 0.5223888158798218, 0.5211181044578552, 0.5201846957206726, 0.519217848777771, 0.5189951658248901, 0.5184340476989746, 0.5177902579307556, 0.5171438455581665, 0.5167147517204285, 0.5164243578910828, 0.5159149169921875, 0.5157526731491089, 0.5151671171188354, 0.5151007771492004, 0.5148063898086548, 0.5145470499992371, 0.5143585205078125, 0.5142310857772827, 0.5140413641929626, 0.5139864087104797]}